"run","test_rmse_BMA","test_rmse_BPS","test_rmse_BPS2"
1,0.601781812510645,1.45522749376963,27.9258013122631
